<?xml version="1.0" encoding="UTF-8"?>
<project-private xmlns="http://www.netbeans.org/ns/project-private/1">
    <editor-bookmarks xmlns="http://www.netbeans.org/ns/editor-bookmarks/2" lastBookmarkId="0"/>
    <open-files xmlns="http://www.netbeans.org/ns/projectui-open-files/2">
        <group>
            <file>file:/C:/Users/Martin/Documents/code/tankwars/src/assets/html/partials/list.html</file>
            <file>file:/C:/Users/Martin/Documents/code/tankwars/src/assets/html/js/ctrl_gamelobby.js</file>
            <file>file:/C:/Users/Martin/Documents/code/tankwars/src/Webserver/handler/game/GameCreateHandler.java</file>
            <file>file:/C:/Users/Martin/Documents/code/tankwars/src/assets/html/css/style.css</file>
            <file>file:/C:/Users/Martin/Documents/code/tankwars/src/Webserver/Server.java</file>
            <file>file:/C:/Users/Martin/Documents/code/tankwars/src/assets/html/js/ctrl_gamelist.js</file>
            <file>file:/C:/Users/Martin/Documents/code/tankwars/src/assets/html/js/ctrl_gamelogin.js</file>
            <file>file:/C:/Users/Martin/Documents/code/tankwars/src/assets/html/js/renderer.js</file>
            <file>file:/C:/Users/Martin/Documents/code/tankwars/src/assets/html/index.html</file>
            <file>file:/C:/Users/Martin/Documents/code/tankwars/src/Webserver/handler/game/GameInfoHandler.java</file>
            <file>file:/C:/Users/Martin/Documents/code/tankwars/src/assets/html/partials/lobby.html</file>
        </group>
    </open-files>
</project-private>
